Names,Mobile,Status,result
bxmosoctad,5731742269,0,unhandled
eptrasnjcr,1422356853,0,unhandled
xscxoenfxb,5874872348,0,unhandled
bhgyxmshgr,3262946383,0,unhandled
rbebcrjych,6382289346,0,unhandled
djieibdtbu,1125198865,0,unhandled
xxjfdjqqqp,3878719244,0,unhandled
cqzrmwilee,7592198429,0,unhandled
zgwkxgvsst,1285373774,0,unhandled
piasfdhoob,6698851916,0,unhandled
wdmvcxqghg,8215194827,0,unhandled
vzbdzqumlr,5344938925,0,unhandled
sysgcgcxme,7682664237,0,unhandled
egverluxfm,8749751655,0,unhandled
gcxlashzwj,9749845674,0,unhandled
oftwcmblhq,8659922216,0,unhandled
tbvbpbhysp,4254723116,0,unhandled
yhgufpiwez,5468612692,0,unhandled
iggyfvnknf,3452826165,0,unhandled
sfzemdpyup,2811892146,0,unhandled
mpjnevpnjv,2626833911,0,unhandled
okpmcqiffa,6343865776,0,unhandled
zvkgeqefjk,7817711523,0,unhandled
yzjhblrsxg,8441127111,0,unhandled
skdxrswasj,8955654788,0,unhandled
ooyzsawdei,6159979496,0,unhandled
npsqbknnxh,1126436597,0,unhandled
vatsaugzyp,5143673631,0,unhandled
hacqhqjfdv,7847643567,0,unhandled
mpvpqfxepd,4256121712,0,unhandled
arxkbuzmre,1789993665,0,unhandled
vkqgfpqfhh,7866274276,0,unhandled
fufwanlbcd,2313358849,0,unhandled
vbqygkmcid,2377374977,0,unhandled
zrqonarwtb,1526834162,0,unhandled
luzhdkvkzp,6578559653,0,unhandled
xqckythfrj,5119272798,0,unhandled
tryrrewflu,4282589317,0,unhandled
vonqnecwew,8779155156,0,unhandled
rjszmudsjo,8779875686,0,unhandled
inrhfhlzrl,8174754215,0,unhandled
ioqflrqraw,9365726783,0,unhandled
cnqpbfehjz,6453634878,0,unhandled
tlsogqarvu,7165555165,0,unhandled
cerqpddxpr,8817335357,0,unhandled
cvoixbpqpj,3788546162,0,unhandled
iqzrkheuge,9673773895,0,unhandled
ywujndchir,6846215492,0,unhandled
hlztilykjr,3235931619,0,unhandled
pxpxqamcny,1336355488,0,unhandled
